"power","freq"
"1",338.331240923711,0
"2",263.466717984964,0
"3",298.369052397972,1
"4",382.335876553521,1
"5",285.291487373806,1
"6",416.034766342661,2
"7",352.443459377014,2
"8",545.159930395408,2
"9",414.95435787565,2
"10",548.447104791218,3
"11",511.026899931032,3
"12",407.838577359083,3
"13",350.695242872681,4
"14",371.704760649533,4
"15",624.157010255309,4
"16",362.635295261408,5
"17",621.036223139791,5
"18",598.40521063088,5
"19",594.782559039338,5
"20",563.595568240207,6
"21",599.460155529265,6
"22",624.310095214388,6
"23",683.351727161235,7
"24",528.126011843932,7
"25",662.626345226367,7
"26",618.341673582179,8
"27",524.812969544454,8
"28",638.238210199302,8
"29",648.384188767445,8
"30",786.398718043064,9
"31",779.370938086679,9
"32",530.531718465129,9
"33",752.940910547852,10
"34",727.902030963732,10
"35",526.843201859853,10
"36",858.236453574151,11
"37",607.31353496068,11
"38",773.14080082262,11
"39",494.995841334233,11
"40",813.18665597518,12
"41",541.772745524037,12
"42",863.403989058663,12
"43",641.817247761169,13
"44",968.92393489475,13
"45",857.688785260809,13
"46",684.192137353237,14
"47",605.342265825234,14
"48",742.864834164629,14
"49",638.152033685427,14
"50",1005.40239422725,15
"51",494.982229930575,15
"52",909.759528515892,15
"53",731.273812094251,16
"54",1066.29064745321,16
"55",869.98864134414,16
"56",772.828612532707,17
"57",929.313537511577,17
"58",802.485894166508,17
"59",823.58962610778,17
"60",827.403479699517,18
"61",900.688718126249,18
"62",799.883748207666,18
"63",852.296194950715,19
"64",815.536165397512,19
"65",895.606702883297,19
"66",827.654966668852,20
"67",937.790409140091,20
"68",916.413170383033,20
"69",1057.64165889554,20
"70",866.756886452162,21
"71",1160.37495290386,21
"72",851.32929645628,21
"73",944.196404068242,22
"74",871.349560855179,22
"75",946.252213752555,22
"76",1095.49320805778,23
"77",917.834343153163,23
"78",978.126684967774,23
"79",826.490493244279,23
"80",910.000150570827,24
"81",910.85881889557,24
"82",970.6206975383,24
"83",1101.85098134159,25
"84",1170.89144607973,25
"85",1008.4110595078,25
"86",1329.07992751681,26
"87",868.734608320245,26
"88",1193.94566100485,26
"89",912.690516841091,26
"90",1313.23845929039,27
"91",765.337850855018,27
"92",928.016727239819,27
"93",844.08234193751,28
"94",909.022430749481,28
"95",1188.77601695294,28
"96",1031.16366988418,29
"97",1172.8973064372,29
"98",1129.19536266919,29
"99",1277.25740268281,29
"100",1385.40393662481,30
"101",1199.62127369716,30
"102",1446.94929190153,30
"103",1004.66679397319,31
"104",1366.06384515253,31
"105",1178.47862569242,31
"106",965.719437941642,32
"107",1333.52738988381,32
"108",1131.19983542432,32
"109",1098.8386016118,32
"110",1183.05891839345,33
"111",1309.20669180273,33
"112",1521.27044880307,33
"113",1165.84473884988,34
"114",1255.33438322104,34
"115",1439.56298653293,34
"116",1466.87384180243,35
"117",1129.16820042954,35
"118",1475.46175630807,35
"119",1279.41006021425,35
"120",1044.47670131562,36
"121",1642.05744238996,36
"122",1415.73161180149,36
"123",1524.64966217312,37
"124",1582.86736969984,37
"125",1499.10019153002,37
"126",1449.35627033748,38
"127",1223.74557405361,38
"128",1543.8802663191,38
"129",1413.282028309,38
"130",1055.59818085561,39
"131",1332.75448226398,39
"132",1525.85957704174,39
"133",1640.11581339924,40
"134",1576.70599321994,40
"135",1038.28123278684,40
"136",976.671993174205,41
"137",1689.18026020269,41
"138",1656.73273866588,41
"139",1757.94442056579,41
"140",1666.96913834553,42
"141",1388.81689538592,42
"142",1474.80518305924,42
"143",1746.0628085767,43
"144",1819.76025311189,43
"145",1462.17169271796,43
"146",1239.10475515659,44
"147",1793.5844697565,44
"148",1539.12249970132,44
"149",1390.48708906587,44
"150",1775.13347522902,45
"151",2128.81058173905,45
"152",1395.30859131535,45
"153",1618.70724678561,46
"154",1642.51661107975,46
"155",1823.43169893592,46
"156",1609.22207385481,47
"157",1520.01352479027,47
"158",1556.0149452352,47
"159",1773.47593333976,47
"160",1722.22264275735,48
"161",1924.13905036973,48
"162",1643.79410170919,48
"163",1881.59416792266,49
"164",1634.62604797295,49
"165",1564.28246631463,49
"166",1611.09841575479,50
"167",1737.39932442797,50
"168",1900.1039185517,50
"169",2188.80724148052,50
"170",1714.56016917098,51
"171",2191.54599209428,51
"172",2067.81410266994,51
"173",1636.8263132311,52
"174",1520.32216066139,52
"175",1975.34134340112,52
"176",1719.05681591849,53
"177",1635.76664830616,53
"178",2429.16126205031,53
"179",1849.53535430595,53
"180",1834.44532727038,54
"181",1965.25675429241,54
"182",1729.27175375136,54
"183",1741.89070447162,55
"184",2004.51727190907,55
"185",2210.24268268013,55
"186",1999.12753126945,56
"187",2016.75525722074,56
"188",1252.48154458563,56
"189",1780.77038971736,56
"190",1981.50742090898,57
"191",2099.95063552574,57
"192",1942.48205581986,57
"193",1936.306011138,58
"194",1731.27589123832,58
"195",1820.30726289796,58
"196",2242.27719165999,59
"197",2205.91053001353,59
"198",2358.23993099689,59
"199",1796.93125971142,59
"200",1878.28351200577,60
"201",2255.86973723903,60
"202",1753.53585421679,60
"203",2024.435941725,61
"204",1934.66909456774,61
"205",2182.83393327687,61
"206",2284.55807006238,62
"207",1983.66323633196,62
"208",1893.86691096627,62
"209",2563.84955998556,62
"210",2055.83284000674,63
"211",2002.39874941193,63
"212",1788.02256647213,63
"213",2013.68403142888,64
"214",2466.91607197456,64
"215",2470.49472881749,64
"216",2923.58261808817,65
"217",1888.8224366162,65
"218",1711.16834594184,65
"219",1955.52230111672,65
"220",2526.17403572803,66
"221",1936.16576078425,66
"222",1876.67554843233,66
"223",2381.52608520256,67
"224",2541.18213427936,67
"225",2235.63124192393,67
"226",2300.59251200181,68
"227",2003.92668529664,68
"228",2600.23891476641,68
"229",1808.72441607346,68
"230",1912.02556141341,69
"231",2255.96399295325,69
"232",1791.7160243211,69
"233",2367.48947545008,70
"234",1986.14028082275,70
"235",2464.59810284246,70
"236",2136.59114192348,71
"237",2059.33939206107,71
"238",2527.3181965737,71
"239",2126.79904241638,71
"240",2521.73432551508,72
"241",1970.55492636489,72
"242",2985.39697393415,72
"243",2611.94724448219,73
"244",2335.44123941159,73
"245",2347.57936761589,73
"246",2103.51886345291,74
"247",2163.68624828469,74
"248",2137.76746074054,74
"249",2277.42610360495,74
"250",2295.95677716,75
"251",2539.28013654839,75
"252",2185.27022183573,75
"253",2316.09073246719,76
"254",2314.19663353588,76
"255",2649.51796804668,76
"256",2324.00300469073,77
"257",2713.78932364039,77
"258",2358.59331316841,77
"259",2724.40405979868,77
"260",2183.30801035617,78
"261",2950.86669356477,78
"262",2468.74596015613,78
"263",2572.43734310888,79
"264",2327.33613934749,79
"265",2244.34917279955,79
"266",2900.41619674175,80
"267",2587.33518719817,80
"268",2669.63251452135,80
"269",2454.32887225747,80
"270",2669.79039587963,81
"271",2261.47158321676,81
"272",2879.58399365112,81
"273",2519.74329830626,82
"274",3066.89217123484,82
"275",2171.44011090545,82
"276",2864.71727355807,83
"277",3397.16566388064,83
"278",2443.73105223238,83
"279",2954.12767403351,83
"280",2653.66425748594,84
"281",2694.40310819526,84
"282",2568.85154552122,84
"283",2580.14339115231,85
"284",2477.40083210741,85
"285",2803.48702452254,85
"286",2981.40680364,86
"287",2699.04212793807,86
"288",2559.557426256,86
"289",2602.72121394048,86
"290",2833.70807846604,87
"291",2247.35680584767,87
"292",2966.61708600374,87
"293",3456.67501684347,88
"294",2779.68120098889,88
"295",2334.38547704931,88
"296",2562.19431864436,89
"297",2722.41624879295,89
"298",3318.15181630354,89
"299",2933.07622966442,89
"300",2385.64172619479,90
"301",2616.4936419565,90
"302",2742.93857240569,90
"303",3116.32477783322,91
"304",3625.6232085136,91
"305",2729.19679081071,91
"306",2983.72413540896,92
"307",2827.86679047996,92
"308",3339.7591244819,92
"309",2659.20146545003,92
"310",2457.35937471868,93
"311",3046.40838707202,93
"312",3470.74315161327,93
"313",3373.04841847917,94
"314",3003.70228090507,94
"315",3099.14228101267,94
"316",3070.310069759,95
"317",2835.51463490501,95
"318",2824.86121873476,95
"319",3410.52528344763,95
"320",3310.65076811874,96
"321",3501.37548588857,96
"322",2956.52404205717,96
"323",3064.93013070001,97
"324",2670.86173599269,97
"325",3347.63516616377,97
"326",2828.38298756506,98
"327",3179.6115666364,98
"328",3101.48044334736,98
"329",2646.27014411217,98
"330",3170.31874578248,99
"331",3196.88287729408,99
"332",3081.59902268979,99
"333",3035.97488422843,100
"334",2747.73286645848,100
"335",3165.38050143606,100
"336",2981.17863107143,101
"337",2917.05287487065,101
"338",3025.81498871737,101
"339",3011.27658992728,101
"340",2985.09198183329,102
"341",3075.0080821235,102
"342",3069.68396566228,102
"343",2702.81944839855,103
"344",3628.48164237853,103
"345",3110.61550901764,103
"346",3370.42267144955,104
"347",3240.10795225781,104
"348",3576.36446393204,104
"349",2936.74968385096,104
"350",2924.83338901285,105
"351",3437.67423761441,105
"352",2905.42984330649,105
"353",3298.60746641763,106
"354",3840.21400132058,106
"355",3245.51800965836,106
"356",3440.56023280516,107
"357",2667.97070956172,107
"358",3345.35997998644,107
"359",3647.60264755791,107
"360",3065.89520606968,108
"361",3315.47799947148,108
"362",3340.28334191809,108
"363",2799.20360942367,109
"364",3027.32079657596,109
"365",3180.71194119116,109
"366",3050.44960438224,110
"367",3364.78997484723,110
"368",3317.88293435113,110
"369",3085.46789711592,110
"370",2639.34800549144,111
"371",3692.08598259659,111
"372",3486.2624263404,111
"373",3503.51940789139,112
"374",3963.4817441131,112
"375",3424.27161407406,112
"376",3614.27247410231,113
"377",3471.30910772067,113
"378",3194.96254637096,113
"379",3422.12946239894,113
"380",2696.08892545087,114
"381",3365.00711891971,114
"382",3065.85878886036,114
"383",3688.16503787082,115
"384",3385.57034473088,115
"385",2975.94611659176,115
"386",3255.23644336129,116
"387",3403.32363117935,116
"388",2858.75133677671,116
"389",2905.39083190643,116
"390",3191.11986317177,117
"391",3276.16963602353,117
"392",3187.54055891519,117
"393",2773.98294184324,118
"394",3433.51968090149,118
"395",3313.35534089854,118
"396",2816.43118380558,119
"397",3343.72531928394,119
"398",2815.6861976302,119
"399",3362.03725353261,119
"400",3929.81686530163,120
"401",3651.40195814406,120
"402",3907.54229808861,120
"403",3525.09427596974,121
"404",3332.29151583902,121
"405",3902.33535477201,121
"406",3491.52720988519,122
"407",3368.32336987091,122
"408",3686.65108986013,122
"409",3736.65519401355,122
"410",3664.28059098692,123
"411",3457.69256509493,123
"412",3704.70321239433,123
"413",3018.61475317558,124
"414",3860.751142146,124
"415",3037.05069178717,124
"416",3305.99850816817,125
"417",3118.30720704423,125
"418",2982.98870042904,125
"419",3956.03955686952,125
"420",3278.33495709828,126
"421",3286.7931394643,126
"422",3670.60550082581,126
"423",2818.18514160807,127
"424",3062.91820599007,127
"425",3460.92569436363,127
"426",3265.95184361758,128
"427",2940.07592670395,128
"428",3923.72888293199,128
"429",4144.45962825463,128
"430",2930.50092040814,129
"431",3734.09250982757,129
"432",3370.52137724667,129
"433",3262.67371986832,130
"434",3885.74343399057,130
"435",3753.34502366272,130
"436",3217.81963633074,131
"437",3913.26760965073,131
"438",4134.13486627859,131
"439",3797.51217433927,131
"440",3472.1042262391,132
"441",4242.05262789215,132
"442",3324.64673513674,132
"443",3557.95552730552,133
"444",4135.00944813948,133
"445",3611.41262628615,133
"446",3650.09209083329,134
"447",3899.88338004876,134
"448",4357.96032355468,134
"449",3843.44093763005,134
"450",2978.91224172023,135
"451",2942.80554604629,135
"452",3638.3079547095,135
"453",3583.75445421109,136
"454",3717.1640123229,136
"455",3893.54860348717,136
"456",3651.99021495122,137
"457",3564.82489475713,137
"458",4268.96499472077,137
"459",3975.6629447539,137
"460",3814.79625180645,138
"461",3541.04275327191,138
"462",4650.08988394199,138
"463",3261.64783034048,139
"464",3969.29244682488,139
"465",3904.57300711709,139
"466",3760.22359380507,140
"467",3700.08546906941,140
"468",3777.75376919416,140
"469",4004.96755627276,140
"470",4051.33174918928,141
"471",3313.26723727944,141
"472",3875.70471817136,141
"473",4318.55936240311,142
"474",3151.51976799456,142
"475",3401.55505564398,142
"476",4024.70390807528,143
"477",4075.4342117217,143
"478",3818.02883951148,143
"479",3870.15044056778,143
"480",3416.15946676035,144
"481",3325.9450134624,144
"482",3111.86803926777,144
"483",3437.76182056013,145
"484",3505.74939056217,145
"485",4196.7019552294,145
"486",4234.80345417225,146
"487",3905.72462914421,146
"488",3692.26057414035,146
"489",4487.93476593581,146
"490",3815.40844528657,147
"491",3874.32487747247,147
"492",4248.43410277618,147
"493",3556.89556591543,148
"494",3609.89663839092,148
"495",4326.37413941819,148
"496",4062.85633889128,149
"497",4144.65652558162,149
"498",3874.97030513929,149
"499",3834.68175300104,149
"500",3958.34286854099,150
"501",3743.06526284301,150
"502",4754.86944897256,150
"503",3847.94184603777,151
"504",4693.93211215408,151
"505",3142.74097159399,151
"506",3812.59632898362,152
"507",3811.7653353677,152
"508",4139.41900181757,152
"509",3822.96803241784,152
"510",4441.66421892749,153
"511",3605.69116580527,153
"512",3360.04811943767,153
"513",3463.04242489015,154
"514",3913.76583724253,154
"515",3722.09710956758,154
"516",4146.95866409228,155
"517",4356.9839039285,155
"518",3872.18164710196,155
"519",4189.04363333551,155
"520",3971.26730798984,156
"521",4006.80099785478,156
"522",3761.48230734025,156
"523",4561.08983360707,157
"524",3656.6742312616,157
"525",3934.62211344031,157
"526",3932.62490929932,158
"527",4460.50531684124,158
"528",3826.29463958459,158
"529",3892.03972635617,158
"530",3447.72384018992,159
"531",3756.5897403738,159
"532",3515.86619943101,159
"533",4080.0888449093,160
"534",4049.53848290648,160
"535",4363.54068960093,160
"536",3332.53026354956,161
"537",3622.00203355506,161
"538",4161.80545856023,161
"539",4089.95547964032,161
"540",3779.52170157559,162
"541",3355.93245140595,162
"542",4388.63415667793,162
"543",4164.76229781343,163
"544",3817.43307267671,163
"545",4043.07323422933,163
"546",3512.81139168872,164
"547",3605.684135616,164
"548",3915.66321594467,164
"549",3553.4084823239,164
"550",4205.17180858257,165
"551",4235.15852774606,165
"552",4337.43792027408,165
"553",3933.0004428047,166
"554",3715.2962089593,166
"555",4686.91065733185,166
"556",4306.98700735071,167
"557",4652.78880825132,167
"558",4203.15850445835,167
"559",3838.02747100676,167
"560",4146.97735120097,168
"561",3322.82462526243,168
"562",3594.51342082037,168
"563",3914.79989102404,169
"564",4326.12669575836,169
"565",4507.91577364252,169
"566",4224.6049840551,170
"567",4029.81127030981,170
"568",3159.56652003239,170
"569",3919.61546605945,170
"570",4119.43791654068,171
"571",4020.87871895326,171
"572",3835.92122307852,171
"573",4559.20531979916,172
"574",3204.76589150786,172
"575",3630.00981051584,172
"576",4253.19480538413,173
"577",3971.3111432317,173
"578",3676.55461930728,173
"579",4265.05030982163,173
"580",4283.51670105684,174
"581",3599.7016921538,174
"582",3373.47201361915,174
"583",4657.36143247463,175
"584",3482.81611945433,175
"585",4414.30138277963,175
"586",4504.62210350226,176
"587",4456.79428263975,176
"588",4198.70395117902,176
"589",3662.74159846242,176
"590",4114.6513750111,177
"591",3948.56394500062,177
"592",4171.23556836399,177
"593",3617.08689592997,178
"594",4551.67370917765,178
"595",3823.90333653781,178
"596",4180.18738664409,179
"597",4355.33576075103,179
"598",3387.18793082665,179
"599",3811.20008746149,179
"600",3958.35793645143,180
"601",3529.19512832561,180
"602",3618.29936943826,180
"603",3757.00987415088,181
"604",3665.54607059231,181
"605",4185.34709784337,181
"606",4472.41299312488,182
"607",4049.90740212408,182
"608",3741.94952459922,182
"609",3628.831662942,182
"610",4311.26807269415,183
"611",3738.66756617767,183
"612",4135.11165421172,183
"613",3676.77319782071,184
"614",3767.67445196852,184
"615",5268.28726621967,184
"616",3925.37711187919,185
"617",3974.60175333504,185
"618",4112.89695518765,185
"619",5075.64558148735,185
"620",4065.95904914794,186
"621",3983.40467357945,186
"622",3489.15115081857,186
"623",3672.60331401679,187
"624",4739.86704584634,187
"625",4362.66930401932,187
"626",4002.24801464323,188
"627",3628.48783006917,188
"628",4220.519265703,188
"629",4928.71054601658,188
"630",4730.38185957053,189
"631",4199.78627889994,189
"632",4490.77803071811,189
"633",4209.8380159734,190
"634",4188.81397948494,190
"635",4016.99430086481,190
"636",3684.38501676026,191
"637",4071.64387256882,191
"638",3871.06380967333,191
"639",5170.20071646795,191
"640",4299.94153256127,192
"641",3894.56772660041,192
"642",3506.59784825695,192
"643",3880.87196986968,193
"644",3908.83559894058,193
"645",3816.11084499228,193
"646",4167.96110111378,194
"647",4436.49704966502,194
"648",3810.63424839037,194
"649",4011.09153296695,194
"650",4002.83554613889,195
"651",3887.50855471964,195
"652",4443.32182228889,195
"653",3784.5690973758,196
"654",4733.71903857691,196
"655",3483.78180970892,196
"656",4256.6238024087,197
"657",3985.64233959227,197
"658",3147.44435703984,197
"659",3659.66601456252,197
"660",4255.17111720901,198
"661",4409.48905656003,198
"662",3972.01084080163,198
"663",4641.95999987467,199
"664",4424.79013229985,199
"665",4003.66789216598,199
"666",4106.29736490619,200
"667",3843.9374280681,200
"668",4436.06009678554,200
"669",3764.64335161129,201
"670",4009.97104338517,201
"671",3575.57608402018,201
"672",3649.4016812917,201
"673",4375.0248688923,202
"674",4021.54752904372,202
"675",4087.53881336858,202
"676",4160.2695579752,203
"677",3218.52481734575,203
"678",3920.27643285968,203
"679",4084.83588035577,204
"680",3761.53663642709,204
"681",4066.60771485352,204
"682",4301.50038468355,204
"683",3809.9907636823,205
"684",3914.33717951098,205
"685",4426.45058519611,205
"686",4645.43691231401,206
"687",4955.49345749837,206
"688",4408.846118701,206
"689",4020.79999464907,207
"690",3905.26288886881,207
"691",3428.61386813588,207
"692",3380.04149795869,207
"693",3319.3020514093,208
"694",3694.18972619514,208
"695",3878.6925325969,208
"696",3762.96086625583,209
"697",4940.72896226879,209
"698",4745.19301551391,209
"699",4074.13739192379,210
"700",3698.83742821442,210
"701",3858.95040388991,210
"702",4523.566695628,210
"703",4180.29511765363,211
"704",3988.79544818342,211
"705",3994.34690431226,211
"706",3722.48144840828,212
"707",3021.02358817617,212
"708",4025.34163325754,212
"709",3952.71900472608,213
"710",3863.64935790454,213
"711",2956.62998138333,213
"712",4024.75635813339,213
"713",2852.49968142646,214
"714",3654.87530624472,214
"715",3775.00283817749,214
"716",4077.92323882257,215
"717",3787.62856671768,215
"718",3853.29075194277,215
"719",4000.09251839357,216
"720",4045.39633313472,216
"721",3449.33809524287,216
"722",4296.99829514745,216
"723",3750.08181688952,217
"724",4078.97750905428,217
"725",4226.4098977993,217
"726",3776.96165392401,218
"727",3989.03290084831,218
"728",3460.4980650954,218
"729",3410.60579428071,219
"730",4569.19725610693,219
"731",3742.23280740117,219
"732",4069.29809574988,219
"733",3636.95712058638,220
"734",4596.96005842615,220
"735",4846.32464135567,220
"736",3992.44447295743,221
"737",3960.72605329744,221
"738",3761.9545515997,221
"739",3512.25202290286,222
"740",4046.01181356767,222
"741",3564.50523753855,222
"742",3636.44526013863,222
"743",3554.4845465189,223
"744",4489.2426155772,223
"745",3823.35964625645,223
"746",3802.29193286609,224
"747",3542.87175182302,224
"748",3831.69030961659,224
"749",4069.58850417514,225
"750",4131.20294963787,225
"751",3501.02137949498,225
"752",4171.79911679955,225
"753",3561.53498162776,226
"754",3435.27929734984,226
"755",3601.55043960064,226
"756",3113.41589904102,227
"757",3632.80532484243,227
"758",3841.01084816009,227
"759",3815.37480139479,228
"760",3895.74369421997,228
"761",4263.19629876714,228
"762",2976.12464927387,228
"763",4387.27038886857,229
"764",3008.7384413438,229
"765",3768.75877032196,229
"766",3899.89286776237,230
"767",3589.66912772263,230
"768",4106.02550871818,230
"769",3646.60058913376,231
"770",3987.94857401588,231
"771",3379.25252729481,231
"772",4961.09087270375,231
"773",3639.45402218357,232
"774",4333.06675827053,232
"775",3725.175222602,232
"776",3862.82363266661,233
"777",4119.17123331536,233
"778",3855.35586030766,233
"779",3982.30266843075,234
"780",2878.16787671397,234
"781",3637.94887413912,234
"782",3895.8498669225,234
"783",3306.5712426442,235
"784",4477.60965172119,235
"785",4013.93493979708,235
"786",3786.14444762196,236
"787",3922.8254434938,236
"788",3170.54407304668,236
"789",3634.76888617789,237
"790",3798.05489439635,237
"791",3855.67282651134,237
"792",3292.37514640607,237
"793",3919.20659164254,238
"794",4239.73670524318,238
"795",3644.63105650837,238
"796",3802.231573446,239
"797",3814.9615793051,239
"798",4022.02653776934,239
"799",3381.874922144,240
"800",4047.83006119612,240
"801",4117.37271677015,240
"802",3442.99272186048,240
"803",3680.0074024717,241
"804",3930.07707499812,241
"805",4103.03880641676,241
"806",2921.23756412858,242
"807",3430.86026494932,242
"808",4020.01688224586,242
"809",3759.83211651411,243
"810",3703.13011053143,243
"811",4074.59359181453,243
"812",3740.39828076889,243
"813",3689.25157254336,244
"814",4069.30904049432,244
"815",3970.93865076453,244
"816",3636.35571085192,245
"817",3601.27698083303,245
"818",3742.3711225262,245
"819",3615.9818075696,246
"820",3329.84163599773,246
"821",4178.25373981959,246
"822",3162.282356762,246
"823",3468.60380429236,247
"824",2937.66357143493,247
"825",3901.45903908874,247
"826",3979.61451794003,248
"827",3199.07006891382,248
"828",3681.58627722597,248
"829",3322.10574124982,249
"830",3508.00513607655,249
"831",3434.15546733982,249
"832",3686.02916324669,249
"833",3143.5925778032,250
"834",3652.65593861249,250
"835",3983.991101383,250
"836",4160.61685345941,251
"837",3122.0035629052,251
"838",4060.40366060984,251
"839",3652.29342827383,252
"840",3368.42939329196,252
"841",3465.57158700312,252
"842",3121.26139504766,252
"843",3572.25130048075,253
"844",3438.77262525769,253
"845",3374.58319266744,253
"846",3198.28736422565,254
"847",3494.82823651929,254
"848",3869.2211229882,254
"849",3058.32951708015,255
"850",3763.96492298927,255
"851",3200.22938665618,255
"852",3089.15948180009,255
"853",3498.6149798379,256
"854",3869.54455737148,256
"855",3439.46589617094,256
"856",2603.30039684157,257
"857",3201.82881115462,257
"858",3784.6703219464,257
"859",3535.82383341516,258
"860",3974.85044015051,258
"861",3763.48955603767,258
"862",4482.15965420675,258
"863",2779.70815290496,259
"864",3925.93740959207,259
"865",4216.81740760933,259
"866",4609.48215341867,260
"867",3875.58285504155,260
"868",2680.95676628923,260
"869",3009.11022901585,261
"870",3427.57052413616,261
"871",3434.11866467072,261
"872",2989.22655737137,261
"873",2531.30184844053,262
"874",3719.35569348649,262
"875",2922.93847108321,262
"876",3540.88565578505,263
"877",3486.03311504411,263
"878",3816.5277545462,263
"879",4171.00922491753,264
"880",2704.94186616488,264
"881",3942.23042814358,264
"882",3222.00357727986,264
"883",3302.33609568123,265
"884",3879.55273442009,265
"885",3661.70354618021,265
"886",3893.31430909318,266
"887",3384.08555735788,266
"888",3535.8616243925,266
"889",2922.7232148347,267
"890",3512.60671022164,267
"891",3831.44591043106,267
"892",4634.10401832563,267
"893",2666.47187372519,268
"894",3820.51425202832,268
"895",3734.45426240163,268
"896",3932.80928492083,269
"897",3627.04733698181,269
"898",3624.34335826293,269
"899",3041.73313225412,270
"900",3454.2860841598,270
"901",2977.79068222064,270
"902",3248.18114198222,270
"903",3795.80189502996,271
"904",3128.25655750395,271
"905",2890.4069821831,271
"906",2608.67404781077,272
"907",3774.82272411776,272
"908",4048.77723760322,272
"909",2580.57511359353,273
"910",3000.60098442905,273
"911",3373.25790968112,273
"912",3032.8614076739,273
"913",3250.3419943985,274
"914",4309.49846149115,274
"915",2912.0332454147,274
"916",3066.12019769274,275
"917",2903.61714518034,275
"918",3224.04161660759,275
"919",3396.01256881912,276
"920",2883.36154580421,276
"921",3463.69964948744,276
"922",2428.13575011915,276
"923",4089.18601698051,277
"924",2673.1015435253,277
"925",3580.62781523637,277
"926",3234.91016741816,278
"927",3328.77551497771,278
"928",2970.36034002111,278
"929",2449.64834861399,279
"930",3518.8274201425,279
"931",3609.49051189955,279
"932",2924.5341877473,279
"933",3016.26462474004,280
"934",2865.18538395186,280
"935",2795.85254347268,280
"936",2968.23395054938,281
"937",2697.62848121793,281
"938",3472.50006510453,281
"939",3425.41734471705,282
"940",3345.03478104235,282
"941",2938.5121793249,282
"942",3938.58710745306,282
"943",3025.91027525239,283
"944",3343.65927358021,283
"945",2700.99966697415,283
"946",2810.05717370764,284
"947",3758.17835113246,284
"948",3405.26848830991,284
"949",3378.50201333845,285
"950",2991.57977391703,285
"951",3406.07299819191,285
"952",2425.9875930366,285
"953",2938.55196466081,286
"954",3054.0168261432,286
"955",3992.10414903883,286
"956",3315.00418799161,287
"957",3616.10772911238,287
"958",2511.19307729036,287
"959",2691.49021229733,288
"960",3120.58836587182,288
"961",2847.99322997814,288
"962",3129.27893328247,288
"963",3751.45403591451,289
"964",3235.99190765075,289
"965",3198.34992766742,289
"966",2664.31735235323,290
"967",3196.48162088138,290
"968",2638.2276871685,290
"969",2740.9899310379,291
"970",3595.32889049698,291
"971",2905.68902493838,291
"972",2918.41345593939,291
"973",3126.26617334773,292
"974",2712.10839882889,292
"975",3012.45110281244,292
"976",3358.67213294639,293
"977",2931.35489291207,293
"978",3260.90431997226,293
"979",4160.08623723084,294
"980",3441.07890890642,294
"981",3108.88442910821,294
"982",3338.61963038627,294
"983",2343.35691692098,295
"984",2826.00813647186,295
"985",2643.84108071444,295
"986",2783.3724609206,296
"987",2531.89059529771,296
"988",3427.41131996838,296
"989",4036.19078449368,297
"990",3736.20608942836,297
"991",2754.91674950649,297
"992",2606.50148970094,297
"993",3023.12108604003,298
"994",2824.95739578449,298
"995",2702.59249471333,298
"996",2561.34736135601,299
"997",2691.47401607667,299
"998",3006.44795697707,299
"999",2323.55559815112,300
"1000",2845.08259269989,300
"1001",3042.2030622788,300
"1002",2349.6609843826,300
"1003",2660.48407313973,301
"1004",2706.51386989203,301
"1005",3441.05798394059,301
"1006",3463.83323222617,302
"1007",2391.20188733907,302
"1008",3083.49805521839,302
"1009",2657.70115753379,303
"1010",3180.94049375934,303
"1011",3190.59844479957,303
"1012",2658.67136675203,303
"1013",2734.15661993575,304
"1014",3265.3364293095,304
"1015",2956.47497939336,304
"1016",3153.85443408775,305
"1017",2821.57587431629,305
"1018",2853.37217205492,305
"1019",3801.25069835112,306
"1020",2054.96049182209,306
"1021",2779.43223636901,306
"1022",2589.5978153435,306
"1023",2929.05443607824,307
"1024",2520.812254423,307
"1025",2521.30213819977,307
"1026",2760.04218318376,308
"1027",3039.41646432883,308
"1028",2829.56219279767,308
"1029",2798.50736823953,309
"1030",2722.20908929868,309
"1031",3225.7776248927,309
"1032",3047.48463449589,309
"1033",3258.39908805428,310
"1034",2721.81265013746,310
"1035",2240.8887682872,310
"1036",2433.8050407215,311
"1037",3541.4942303832,311
"1038",2587.91588035975,311
"1039",3299.03971071377,312
"1040",2439.16562756242,312
"1041",2040.66616976945,312
"1042",2995.36232558934,312
"1043",2534.82842229203,313
"1044",2034.09676722883,313
"1045",3063.06727814245,313
"1046",2216.98639106481,314
"1047",2378.15026750513,314
"1048",2770.41457336325,314
"1049",2673.91935335564,315
"1050",2460.63015276635,315
"1051",2038.6637080767,315
"1052",3539.06661211743,315
"1053",2690.05693774519,316
"1054",2291.73427508525,316
"1055",3034.09331612667,316
"1056",2199.33594514429,317
"1057",2893.01195495372,317
"1058",2551.35230059997,317
"1059",2546.1524544565,318
"1060",2990.0061301028,318
"1061",2935.4169771955,318
"1062",2244.47113298004,318
"1063",2761.23770428317,319
"1064",2371.68141976732,319
"1065",2639.07715556155,319
"1066",2902.98796231202,320
"1067",2830.2032519011,320
"1068",2859.74710126357,320
"1069",2573.00017561289,321
"1070",2805.16658667499,321
"1071",2367.82207004536,321
"1072",2884.41601254956,321
"1073",2079.84391991683,322
"1074",2530.50462242435,322
"1075",3287.16124691144,322
"1076",1971.94524388877,323
"1077",2544.03734097216,323
"1078",2744.30779406088,323
"1079",2720.35009799744,324
"1080",1995.34434151852,324
"1081",2213.09960969095,324
"1082",2321.0922743726,324
"1083",2329.93578144465,325
"1084",2998.0559084691,325
"1085",2298.37441535094,325
"1086",3155.07734812267,326
"1087",2947.3537825794,326
"1088",1971.65078094555,326
"1089",2198.13406728388,327
"1090",1878.91914473925,327
"1091",2448.43381824639,327
"1092",3651.43040267505,327
"1093",2402.41483247416,328
"1094",1602.05940879341,328
"1095",2744.912138743,328
"1096",2293.77984822527,329
"1097",1905.74510100982,329
"1098",1851.61631927499,329
"1099",2790.29627991568,330
"1100",2328.38253644493,330
"1101",2588.43650125364,330
"1102",2360.04771132421,330
"1103",3377.11289989673,331
"1104",3112.63622313183,331
"1105",2041.90876016037,331
"1106",2454.40621876756,332
"1107",2856.50864496268,332
"1108",2860.35219212959,332
"1109",2235.91431608561,333
"1110",2129.749780228,333
"1111",1899.15273764096,333
"1112",2616.38785700115,333
"1113",2992.06931748012,334
"1114",2769.17734098396,334
"1115",2532.78359675388,334
"1116",1833.69419717139,335
"1117",3581.26147420975,335
"1118",1649.35801330871,335
"1119",2507.04060998273,336
"1120",3115.67998339927,336
"1121",1493.81348356994,336
"1122",2095.62770203795,336
"1123",3037.94169022461,337
"1124",2291.34964043012,337
"1125",2970.40292327957,337
"1126",2367.66454067714,338
"1127",2531.32828577232,338
"1128",2122.64986145294,338
"1129",2691.54557547852,339
"1130",3539.09324453456,339
"1131",2240.50221153165,339
"1132",1548.31984625806,339
"1133",2346.46657572319,340
"1134",3268.91164647397,340
"1135",2268.26961804348,340
"1136",2093.80580740381,341
"1137",2617.07591502437,341
"1138",2410.65201864578,341
"1139",2043.68908558415,342
"1140",2247.25769501228,342
"1141",2238.98435298709,342
"1142",2718.04784312786,342
"1143",2427.1763007422,343
"1144",1908.46984827406,343
"1145",1991.45990250384,343
"1146",2122.6155360014,344
"1147",2026.64055717001,344
"1148",3053.07127163881,344
"1149",2085.26803377347,345
"1150",2268.23381945098,345
"1151",2880.47703782201,345
"1152",2221.87507935192,345
"1153",2100.5445519057,346
"1154",2473.96842404059,346
"1155",1757.88149354176,346
"1156",1709.2159539547,347
"1157",2625.12230661359,347
"1158",2157.88481637038,347
"1159",2555.96079528862,348
"1160",1682.78472595687,348
"1161",2288.99606607473,348
"1162",1665.14103863258,348
"1163",2520.26199753849,349
"1164",2349.10664454451,349
"1165",2773.31627861652,349
"1166",2585.32339605805,350
"1167",1569.4881065559,350
"1168",2676.27756585303,350
"1169",1823.33253876826,351
"1170",2249.50684898488,351
"1171",1843.54321234252,351
"1172",2495.32711863512,351
"1173",2536.8302482395,352
"1174",2596.84019296739,352
"1175",1809.46297476138,352
"1176",2119.69610526648,353
"1177",1947.83705121886,353
"1178",2937.2679764585,353
"1179",2101.70390286257,354
"1180",2499.78703598321,354
"1181",2106.33989412577,354
"1182",1650.84380345597,354
"1183",2504.06922113592,355
"1184",1760.87993816736,355
"1185",2031.90872824033,355
"1186",1621.57641277221,356
"1187",2345.60165895551,356
"1188",2063.00563002244,356
"1189",1917.89994177968,357
"1190",2409.83634440915,357
"1191",1779.03962786668,357
"1192",2140.3092795532,357
"1193",2117.04747594072,358
"1194",1608.22135819422,358
"1195",2040.35072955945,358
"1196",1921.08520205097,359
"1197",1594.75276770913,359
"1198",1750.42028082245,359
"1199",1812.68067640286,360
"1200",1565.18912470325,360
"1201",2680.55913196838,360
"1202",1420.18264327754,360
"1203",2456.57515980481,361
"1204",900.136744337832,361
"1205",2427.90228401334,361
"1206",2060.71917312033,362
"1207",2247.61649125207,362
"1208",1845.54562764574,362
"1209",1338.1069592381,363
"1210",2370.47357302255,363
"1211",1225.59343969457,363
"1212",1922.12641708262,363
"1213",1527.76463281756,364
"1214",2713.03673723026,364
"1215",2144.519846912,364
"1216",1840.70827755961,365
"1217",2236.71847390825,365
"1218",2041.81359807514,365
"1219",1649.48958373606,366
"1220",1714.2297971001,366
"1221",2535.38273044681,366
"1222",2535.7340792329,366
"1223",1649.89378926598,367
"1224",2479.52228221819,367
"1225",1250.681172959,367
"1226",1295.43207678002,368
"1227",1687.05423880407,368
"1228",3264.06540203964,368
"1229",1879.47893516677,369
"1230",1181.31754256513,369
"1231",1544.13715725998,369
"1232",1729.63005824694,369
"1233",1974.85474885327,370
"1234",1898.97350903416,370
"1235",2575.70013131977,370
"1236",2319.82693086289,371
"1237",2910.96117650656,371
"1238",1565.32976856928,371
"1239",2316.880175021,372
"1240",2039.52444685757,372
"1241",1766.00114371667,372
"1242",1627.2721721466,372
"1243",1123.27468247219,373
"1244",1962.39447034485,373
"1245",1238.6565600588,373
"1246",1669.84848109177,374
"1247",1946.75110805551,374
"1248",1272.14027262775,374
"1249",1341.04786927275,375
"1250",1859.65840002105,375
"1251",2250.96978031653,375
"1252",1973.54862157529,375
"1253",1356.99881746636,376
"1254",2811.38043678033,376
"1255",2381.23552355266,376
"1256",2730.79529935978,377
"1257",2340.84962363148,377
"1258",1381.59286915192,377
"1259",2144.88502132839,378
"1260",1332.04189181871,378
"1261",1630.86379237239,378
"1262",1535.64043038041,378
"1263",2017.527133698,379
"1264",1767.14800943449,379
"1265",1960.55297358784,379
"1266",2152.35968267826,380
"1267",1661.65009014534,380
"1268",1930.32642118285,380
"1269",2319.31825277144,381
"1270",2531.10076715128,381
"1271",937.620594563201,381
"1272",1431.75314280105,381
"1273",2260.66242950019,382
"1274",1564.78438264253,382
"1275",1237.51140606364,382
"1276",874.430264882028,383
"1277",1643.3783986973,383
"1278",2255.89130083793,383
"1279",1779.76078717523,384
"1280",1838.80458778018,384
"1281",1858.5106101032,384
"1282",1970.27891388733,384
"1283",2096.93362629518,385
"1284",1620.56464641768,385
"1285",1763.25655634522,385
"1286",1640.79619820915,386
"1287",1578.90711509589,386
"1288",1777.54535680133,386
"1289",2119.92908050537,387
"1290",2616.77900861083,387
"1291",1994.79724816895,387
"1292",1986.1973864214,387
"1293",1682.59433790943,388
"1294",2702.39049186035,388
"1295",1483.81044897773,388
"1296",2044.65679720925,389
"1297",1138.11487158765,389
"1298",2026.61060705205,389
"1299",1864.25016978358,390
"1300",1335.32931338378,390
"1301",1976.40888551478,390
"1302",2828.4932698693,390
"1303",1593.25851023902,391
"1304",2075.36382957082,391
"1305",1246.41609179725,391
"1306",2028.32340426002,392
"1307",1232.69218132632,392
"1308",1426.55105875364,392
"1309",1068.66849068763,393
"1310",1634.02027257189,393
"1311",1499.4836833348,393
"1312",1447.28626380412,393
"1313",2446.97200542562,394
"1314",1211.32151489837,394
"1315",1129.73715065959,394
"1316",1368.68990252826,395
"1317",1047.13992248645,395
"1318",1256.23233033171,395
"1319",2195.44047878954,396
"1320",1264.84255737628,396
"1321",1526.83785863046,396
"1322",1500.78205759799,396
"1323",1503.36976249571,397
"1324",1598.17940835072,397
"1325",1435.46798414932,397
"1326",1419.8099584977,398
"1327",1367.66914864623,398
"1328",1741.65419953501,398
"1329",1502.4493803998,399
"1330",1806.31117263391,399
"1331",1735.89327878857,399
"1332",1648.96698443397,399
"1333",1298.37539776271,400
"1334",1043.80123197793,400
"1335",2370.5261224543,400
"1336",1475.84202690173,401
"1337",1263.96740298602,401
"1338",1160.89215601793,401
"1339",1145.16173927043,402
"1340",1069.96824975206,402
"1341",1434.84515356044,402
"1342",1558.95591838871,403
"1343",1141.47043967415,403
"1344",1232.73268703654,403
"1345",2029.51023843165,403
"1346",1071.13906623916,404
"1347",989.733675630382,404
"1348",1582.04888363982,404
"1349",1345.02737871589,405
"1350",2255.0029671165,405
"1351",615.819931970419,405
"1352",1753.942241661,406
"1353",1685.37627074996,406
"1354",1175.55526495705,406
"1355",2043.79389787132,406
"1356",1277.62491234854,407
"1357",1073.23323320265,407
"1358",812.337847726635,407
"1359",1364.60461236759,408
"1360",1480.20549664725,408
"1361",1653.08684767736,408
"1362",1840.92645475561,409
"1363",1127.00970635647,409
"1364",1805.81050307623,409
"1365",1865.30384857973,409
"1366",1456.8696164396,410
"1367",1273.36725130471,410
"1368",1724.59351283671,410
"1369",1081.36859883924,411
"1370",1304.30418444827,411
"1371",1252.82391747524,411
"1372",1331.09608476643,412
"1373",1868.93480371182,412
"1374",1768.73387586673,412
"1375",1733.26007906449,412
"1376",639.053929259369,413
"1377",1129.64354358862,413
"1378",1380.83938935316,413
"1379",1167.53860365008,414
"1380",857.998235197661,414
"1381",1293.20994471814,414
"1382",1559.64993555698,415
"1383",1623.87808768641,415
"1384",1508.63555369331,415
"1385",1573.98865715032,415
"1386",910.085387370848,416
"1387",1268.2228563811,416
"1388",1398.61780356234,416
"1389",1140.86900299198,417
"1390",1423.38321490141,417
"1391",959.425997803354,417
"1392",1405.8601473764,418
"1393",1748.86451912874,418
"1394",2023.8289655781,418
"1395",1579.71476387498,418
"1396",1307.76255093447,419
"1397",1476.85617435488,419
"1398",1392.32635096804,419
"1399",504.676875384404,420
"1400",1168.0792222642,420
"1401",732.924981983346,420
"1402",2032.65365242972,421
"1403",1722.97999870322,421
"1404",859.095489521984,421
"1405",1349.35064855777,421
"1406",1754.39038600171,422
"1407",1104.46762915197,422
"1408",1687.06715650812,422
"1409",1044.80687686042,423
"1410",793.559119679662,423
"1411",1414.22860159059,423
"1412",917.784883488001,424
"1413",1310.87960441931,424
"1414",1523.62108471235,424
"1415",1101.53806687578,424
"1416",1582.19263705961,425
"1417",1344.97743985395,425
"1418",1385.86135467645,425
"1419",651.305913066971,426
"1420",1145.23818266054,426
"1421",1856.54728762496,426
"1422",665.889665519791,427
"1423",798.836773980469,427
"1424",2388.76092969929,427
"1425",936.475628504955,427
"1426",583.489729575803,428
"1427",1132.22476126198,428
"1428",1531.38093535984,428
"1429",1329.78757822624,429
"1430",1756.12251836623,429
"1431",1187.48507150385,429
"1432",1660.50593592306,430
"1433",1291.36782136463,430
"1434",1260.51009223431,430
"1435",983.461242639322,430
"1436",1055.09667469799,431
"1437",1022.86218007975,431
"1438",1736.28242631898,431
"1439",1893.48228567532,432
"1440",1227.6249033043,432
"1441",1576.27817877962,432
"1442",2112.35125708342,433
"1443",1620.64700289417,433
"1444",848.207229917108,433
"1445",765.387597380841,433
"1446",775.548220722261,434
"1447",1394.14966208064,434
"1448",2066.16467281549,434
"1449",998.32558637196,435
"1450",1545.41208947629,435
"1451",1674.26741940878,435
"1452",945.077814675006,436
"1453",1145.42641306,436
"1454",1637.17772036086,436
"1455",1426.03467360065,436
"1456",1549.5700928441,437
"1457",837.471009148694,437
"1458",873.207786546886,437
"1459",936.466352649845,438
"1460",1168.0316289276,438
"1461",978.633021050577,438
"1462",1417.68678284468,439
"1463",517.822716653443,439
"1464",1505.76403115353,439
"1465",346.878151251755,439
"1466",359.551489544863,440
"1467",1139.19994028682,440
"1468",1105.47932334782,440
"1469",1366.6929967801,441
"1470",1095.49441210946,441
"1471",1384.0886835532,441
"1472",1110.61560518447,442
"1473",1140.44537415256,442
"1474",771.614703716534,442
"1475",994.658977988951,442
"1476",1460.25835040313,443
"1477",968.787521273056,443
"1478",2498.35261504206,443
"1479",1124.15492067386,444
"1480",703.577389472425,444
"1481",1458.73544515129,444
"1482",1480.77000145926,445
"1483",1317.71696334446,445
"1484",646.040080959152,445
"1485",853.572291693398,445
"1486",1796.28128718068,446
"1487",696.373877243138,446
"1488",685.806727280801,446
"1489",1019.1375249223,447
"1490",1154.95983323811,447
"1491",871.36970332594,447
"1492",1126.16325182604,448
"1493",1260.53841025769,448
"1494",712.790167478053,448
"1495",1017.40372416609,448
"1496",961.576260540496,449
"1497",758.620138985015,449
"1498",624.940049782508,449
"1499",1411.88321471069,450
"1500",831.763033206524,450
"1501",942.194625624363,450
"1502",1340.49979987571,451
"1503",1274.8402104149,451
"1504",1087.54493697147,451
"1505",1197.17399966571,451
"1506",1371.24232540651,452
"1507",1205.23292872659,452
"1508",748.790392646868,452
"1509",1391.69692347748,453
"1510",971.070687273106,453
"1511",807.077098660295,453
"1512",701.111585445161,454
"1513",986.348879929103,454
"1514",879.770029912816,454
"1515",852.889652669339,454
"1516",620.853032089253,455
"1517",1019.55413895719,455
"1518",985.11983710298,455
"1519",774.261697835782,456
"1520",1574.66825326626,456
"1521",852.634686967621,456
"1522",1089.01295157786,457
"1523",754.485993197905,457
"1524",804.600795786998,457
"1525",1081.56981516766,457
"1526",1135.22936416706,458
"1527",694.991787611631,458
"1528",1002.35226751579,458
"1529",1291.81267046517,459
"1530",443.169272189888,459
"1531",890.331354133014,459
"1532",696.323568411935,460
"1533",890.65677552623,460
"1534",1227.3416641878,460
"1535",1114.1808027397,460
"1536",750.808292300423,461
"1537",204.955128414859,461
"1538",1408.82286962696,461
"1539",1979.2605132228,462
"1540",537.260088776542,462
"1541",903.239111520394,462
"1542",1204.86365381591,463
"1543",1084.44835564846,463
"1544",1014.97317146638,463
"1545",999.599739181527,463
"1546",681.614794711899,464
"1547",949.50298851986,464
"1548",1593.43433275705,464
"1549",664.812743982362,465
"1550",321.321170943735,465
"1551",934.619631987261,465
"1552",1528.88772451116,466
"1553",712.306518258241,466
"1554",1203.72058824985,466
"1555",1017.56847412441,466
"1556",1731.4372116498,467
"1557",1023.04569562621,467
"1558",1131.04595603625,467
"1559",624.86772019651,468
"1560",1200.28828648915,468
"1561",626.031481172915,468
"1562",1227.90744004164,469
"1563",1058.86061975708,469
"1564",839.269155683744,469
"1565",1005.97116265914,469
"1566",731.921914752585,470
"1567",1165.30248858293,470
"1568",1159.8648799754,470
"1569",887.072262826611,471
"1570",1138.01183423006,471
"1571",850.567703922669,471
"1572",685.392917773342,472
"1573",1241.33812996039,472
"1574",1033.60790131987,472
"1575",1224.34993631157,472
"1576",849.414400681534,473
"1577",1096.25438462252,473
"1578",836.98305992237,473
"1579",1445.91520270667,474
"1580",491.139159904581,474
"1581",277.572641379033,474
"1582",1311.92585058429,475
"1583",1249.15429635814,475
"1584",1165.47883549654,475
"1585",931.459021822875,475
"1586",1398.17507928482,476
"1587",862.252652017787,476
"1588",742.716788175687,476
"1589",1156.73403078976,477
"1590",622.545915661666,477
"1591",795.190964319762,477
"1592",1222.55879668721,478
"1593",1050.97809570682,478
"1594",1453.17170490753,478
"1595",1783.30579029241,478
"1596",664.116815955696,479
"1597",789.455034663842,479
"1598",1263.31742262393,479
"1599",1319.020304191,480
"1600",777.205573125936,480
"1601",1105.88227408844,480
"1602",1189.06423001532,481
"1603",658.777972230319,481
"1604",815.068835004967,481
"1605",673.857726938044,481
"1606",1141.11747972792,482
"1607",1233.83807426752,482
"1608",654.583242046388,482
"1609",1215.83987907074,483
"1610",530.664823882866,483
"1611",961.302150953129,483
"1612",713.88198929495,484
"1613",458.552794207276,484
"1614",735.58119931278,484
"1615",1020.74353428591,484
"1616",1380.04410460448,485
"1617",621.322641065525,485
"1618",1838.06558495904,485
"1619",2064.33833695992,486
"1620",545.124276659864,486
"1621",1537.98932536341,486
"1622",719.338117258209,487
"1623",1050.0722546598,487
"1624",920.050558682766,487
"1625",1175.40918124668,487
"1626",1210.80051924833,488
"1627",1459.97891415902,488
"1628",1175.31327812388,488
"1629",1038.02356743162,489
"1630",910.069481153376,489
"1631",600.978815726417,489
"1632",1085.53446928158,490
"1633",645.346542248175,490
"1634",1321.82653024531,490
"1635",1260.7948221967,490
"1636",1403.24584264457,491
"1637",989.194558555622,491
"1638",208.904671797772,491
"1639",751.222980041641,492
"1640",1086.83456525183,492
"1641",1320.82602223225,492
"1642",327.388476393548,493
"1643",1180.98145617834,493
"1644",649.538389085541,493
"1645",845.660896679399,493
"1646",1148.89175358327,494
"1647",1257.66115181121,494
"1648",1902.03197790235,494
"1649",1046.31737082437,495
"1650",806.269909060801,495
"1651",711.065955364076,495
"1652",1365.15988027835,496
"1653",1500.62582562,496
"1654",730.590208441968,496
"1655",694.962289143721,496
"1656",852.821290293162,497
"1657",542.814314438553,497
"1658",997.955571319732,497
"1659",1435.11546233284,498
"1660",1198.22579475877,498
"1661",600.067608691262,498
"1662",1184.46665133368,499
"1663",2014.47494378665,499
"1664",840.999381292134,499
"1665",952.817174970354,499
"1666",1273.1834204869,500
"1667",1258.19579898418,500
"1668",1237.29632505552,500
"1669",1198.76091765848,501
"1670",1742.40913638482,501
"1671",1798.66586611271,501
"1672",1185.95678921688,502
"1673",1016.11979659877,502
"1674",963.480024223255,502
"1675",1243.39503249674,502
"1676",1329.44446666752,503
"1677",661.045334207822,503
"1678",933.524220367984,503
"1679",1853.02997068511,504
"1680",969.467022691087,504
"1681",1043.075892629,504
"1682",1264.77699463865,505
"1683",741.728095861824,505
"1684",958.413503317041,505
"1685",921.881616219801,505
"1686",1023.23910772661,506
"1687",880.693426065096,506
"1688",552.962566623589,506
"1689",810.221710697316,507
"1690",1281.14655271931,507
"1691",693.833720910768,507
"1692",1204.75549257697,508
"1693",1506.78807679195,508
"1694",1340.61767105854,508
"1695",1340.43551719707,508
"1696",1372.20199931897,509
"1697",754.99604955216,509
"1698",1162.70858906202,509
"1699",1872.04775798774,510
"1700",521.51723212141,510
"1701",933.564081359629,510
"1702",1155.34029685538,511
"1703",1005.87129837888,511
"1704",1616.3791784828,511
"1705",1218.90654498067,511
"1706",1446.66485310531,512
"1707",996.294394714179,512
"1708",333.55481828172,512
"1709",1222.26923596967,513
"1710",551.141161172388,513
"1711",534.719000767703,513
"1712",1011.9218577023,514
"1713",767.702640975283,514
"1714",856.043607822389,514
"1715",957.649191317685,514
"1716",1143.86006854562,515
"1717",871.854467834236,515
"1718",772.468548707915,515
"1719",883.099797805772,516
"1720",1159.60199497913,516
"1721",1184.83060446065,516
"1722",1472.1552292116,517
"1723",673.074257566364,517
"1724",892.165014284129,517
"1725",883.81473407179,517
"1726",354.893849830322,518
"1727",1231.44897132121,518
"1728",765.775235707245,518
"1729",1109.42689971731,519
"1730",647.934713267645,519
"1731",573.799144039784,519
"1732",1231.67639807278,520
"1733",1073.2039382714,520
"1734",910.899317045042,520
"1735",1388.8995705807,520
"1736",1183.12088873101,521
"1737",657.155237228674,521
"1738",1239.8786538121,521
"1739",1557.40155944175,522
"1740",886.113311725664,522
"1741",2130.68636513918,522
"1742",1353.45542000757,523
"1743",1868.38853510287,523
"1744",852.656065177389,523
"1745",1379.88723243893,523
"1746",1923.85818823051,524
"1747",621.388255862492,524
"1748",761.980547867852,524
"1749",615.352488232337,525
"1750",790.238309655497,525
"1751",400.219149277112,525
"1752",757.252644184863,526
"1753",1576.36700133303,526
"1754",1181.41608017163,526
"1755",1859.9921812988,526
"1756",898.300284094812,527
"1757",1291.23649125097,527
"1758",1591.65962759666,527
"1759",502.087894698754,528
"1760",914.373042984778,528
"1761",1068.73257590924,528
"1762",1539.37854250479,529
"1763",1379.72800145705,529
"1764",1526.61003577808,529
"1765",1523.56746753477,529
"1766",1740.94684910752,530
"1767",773.42552256303,530
"1768",1304.52012583304,530
"1769",1630.80666038489,531
"1770",749.681420882586,531
"1771",738.217476921053,531
"1772",2740.76672407938,532
"1773",997.160391028559,532
"1774",612.60695014223,532
"1775",1729.21193799591,532
"1776",1520.19081978311,533
"1777",1544.64504881806,533
"1778",864.542565916354,533
"1779",1424.48115479561,534
"1780",1420.72920621404,534
"1781",1302.05956507294,534
"1782",998.468698542976,535
"1783",1325.27870267482,535
"1784",1859.01609436412,535
"1785",1721.35082352133,535
"1786",1026.44416899839,536
"1787",887.352906422414,536
"1788",949.346291330012,536
"1789",1365.35120090913,537
"1790",809.171221625553,537
"1791",1829.26476886765,537
"1792",1059.6652245246,538
"1793",936.691726830953,538
"1794",957.292697208473,538
"1795",906.395931925657,538
"1796",1232.95539189517,539
"1797",1238.23755277227,539
"1798",1468.6600071449,539
"1799",1017.62743839802,540
"1800",2101.00823759477,540
"1801",1107.20601571739,540
"1802",1614.24994689895,541
"1803",1005.10082114781,541
"1804",2141.58957726111,541
"1805",1102.98039561735,541
"1806",1027.77877287619,542
"1807",1916.26409307511,542
"1808",2431.64976639268,542
"1809",1672.50191624276,543
"1810",1650.15749465858,543
"1811",2127.84272751129,543
"1812",1891.84361506642,544
"1813",1399.79528702177,544
"1814",1670.85503755418,544
"1815",1136.78911434854,544
"1816",914.199591920053,545
"1817",1489.74973662237,545
"1818",1028.41743087634,545
"1819",894.358283707229,546
"1820",1445.17718732775,546
"1821",1433.08427927948,546
"1822",1319.86007807837,547
"1823",500.262194897211,547
"1824",1687.48406918421,547
"1825",1926.36791989898,547
"1826",1238.59416078033,548
"1827",1016.90363965876,548
"1828",1625.0454544085,548
"1829",929.922378720456,549
"1830",1420.14308505786,549
"1831",1716.97378972573,549
"1832",858.007593939241,550
"1833",1756.01983876804,550
"1834",935.410110870801,550
"1835",1600.77022622056,550
"1836",1125.93236317134,551
"1837",1198.21484657397,551
"1838",1700.20719428236,551
"1839",1517.62285987513,552
"1840",1756.96635674245,552
"1841",2569.94680653887,552
"1842",692.067450561027,553
"1843",1799.44700960401,553
"1844",1025.93694759292,553
"1845",1751.4601595607,553
"1846",843.328751557767,554
"1847",1676.56972315547,554
"1848",2412.79850513436,554
"1849",2137.79582946876,555
"1850",2014.98658676796,555
"1851",793.211181299308,555
"1852",2205.90958238248,556
"1853",1700.21562694114,556
"1854",1587.84806240707,556
"1855",1378.2665849,556
"1856",1913.09696167286,557
"1857",1202.50525752371,557
"1858",1813.36313838372,557
"1859",1183.24843590401,558
"1860",2187.26968957216,558
"1861",2118.05914483652,558
"1862",1976.93381106748,559
"1863",2633.01911765378,559
"1864",2295.22712896158,559
"1865",1948.34789555578,559
"1866",2542.39007683407,560
"1867",3021.0080356659,560
"1868",1649.39134207763,560
"1869",2298.44687102489,561
"1870",2618.15567923863,561
"1871",1521.58994830047,561
"1872",2233.21604116424,562
"1873",1232.96602100641,562
"1874",2728.21167216118,562
"1875",1969.12108137675,562
"1876",1845.9811851082,563
"1877",1224.91209483138,563
"1878",1927.23287751893,563
"1879",2108.20564922691,564
"1880",1283.28959559418,564
"1881",1958.29473412679,564
"1882",2230.61504959332,565
"1883",974.71479674496,565
"1884",2684.99777852507,565
"1885",2428.71862136765,565
"1886",1971.56066230214,566
"1887",2353.08483131192,566
"1888",805.091630550336,566
"1889",2264.47879967038,567
"1890",1679.31502798671,567
"1891",1376.1557816956,567
"1892",2107.29268028002,568
"1893",2192.557385982,568
"1894",1284.29570725193,568
"1895",2021.09622773153,568
"1896",2301.70320416119,569
"1897",1954.9657183379,569
"1898",1802.09252771693,569
"1899",2715.98000695037,570
"1900",3511.09769322018,570
"1901",2040.46976168996,570
"1902",1790.44506185232,571
"1903",1820.95295908714,571
"1904",1581.61852901702,571
"1905",1966.25576101041,571
"1906",2338.89307461782,572
"1907",1938.55296363024,572
"1908",2220.17375287605,572
"1909",1622.08159949543,573
"1910",2158.30262495788,573
"1911",2022.21045247835,573
"1912",1389.43042053642,574
"1913",1452.55761968369,574
"1914",2247.1962952356,574
"1915",2493.5830197939,574
"1916",2257.48644267233,575
"1917",1740.30819702699,575
"1918",1461.9186639871,575
"1919",2646.77764473015,576
"1920",2783.97874971659,576
"1921",1650.51752594035,576
"1922",2491.96793464974,577
"1923",1439.57916800569,577
"1924",2291.76580310192,577
"1925",1552.28628615636,577
"1926",2759.55501490151,578
"1927",1519.41452467986,578
"1928",941.175873075686,578
"1929",1727.33941422422,579
"1930",1602.23856025281,579
"1931",1951.72270079971,579
"1932",2466.74895468235,580
"1933",3044.23352653242,580
"1934",2531.4942486129,580
"1935",2684.8228554737,580
"1936",2511.72008251686,581
"1937",2404.04765870242,581
"1938",2260.08221056874,581
"1939",1116.13176205186,582
"1940",2397.99488634308,582
"1941",2938.95350120406,582
"1942",1964.22412182664,583
"1943",1914.11834746511,583
"1944",3053.25684222392,583
"1945",2886.63338760216,583
"1946",3627.7471215257,584
"1947",3308.02977998475,584
"1948",2621.2110572952,584
"1949",1910.9141570064,585
"1950",2226.9906492741,585
"1951",3269.38630329823,585
"1952",2430.20872817944,586
"1953",3384.47984223861,586
"1954",3189.65704283405,586
"1955",2233.28308604496,586
"1956",2724.20034668153,587
"1957",3472.12370072517,587
"1958",2160.34732282894,587
"1959",2962.3988676561,588
"1960",2906.1213238761,588
"1961",2992.52712655307,588
"1962",2368.30783477564,589
"1963",1480.9977953715,589
"1964",1852.66609052507,589
"1965",2288.20451126267,589
"1966",2711.04824662987,590
"1967",2897.49455333048,590
"1968",3042.09542416166,590
"1969",2705.50513653426,591
"1970",2585.08633515147,591
"1971",3654.08071544629,591
"1972",2318.18169327977,592
"1973",3091.17606774998,592
"1974",2485.76075458631,592
"1975",2569.74128661716,592
"1976",2445.61240083338,593
"1977",2267.27464793004,593
"1978",2711.53942999044,593
"1979",2264.4538982173,594
"1980",3144.91373214389,594
"1981",1824.92394982351,594
"1982",3312.1345238816,595
"1983",3434.31546523303,595
"1984",3389.52035084275,595
"1985",2318.50608618894,595
"1986",3710.92074904828,596
"1987",3177.89879259511,596
"1988",2885.43279141378,596
"1989",2808.28412941667,597
"1990",2775.9204943578,597
"1991",3830.329165617,597
"1992",1689.83449986095,598
"1993",2972.39887225363,598
"1994",2121.03308797221,598
"1995",2581.31470595992,598
"1996",3656.96496927954,599
"1997",3342.70254088698,599
"1998",2736.35717269864,599
"1999",2313.0038681381,600
"2000",3106.67087848223,600
